pond_id,region,hydro,area_m2,canopy,temp_c,richness,focal,body_size
P001,Atlantic,permanent,174.1,70.0,22.4,8,0,34.55
P002,Amazon,permanent,161.6,42.6,23.9,12,1,30.36
P003,Cerrado,temporary,233.9,57.5,25.2,6,1,34.44
P004,Amazon,temporary,174.5,49.4,25.6,13,1,39.3
P005,Cerrado,permanent,314.4,30.0,27.6,6,0,43.65
P006,Cerrado,temporary,620.2,30.9,29.2,11,0,40.0
P007,Atlantic,permanent,1099.1,67.7,29.7,15,1,38.08
P008,Amazon,temporary,121.4,9.5,23.1,8,0,37.38
P009,Atlantic,temporary,10.0,24.5,22.2,4,0,35.29
P010,Atlantic,permanent,34.6,66.8,19.8,2,0,36.06
P011,Atlantic,temporary,26.2,70.7,26.8,2,0,36.47
P012,Amazon,permanent,24.4,78.9,24.6,5,0,29.23
P013,Atlantic,temporary,79.5,60.7,24.4,2,0,34.34
P014,Atlantic,temporary,405.4,46.0,26.9,7,0,42.12
P015,Atlantic,temporary,209.9,20.3,23.8,3,0,37.25
P016,Cerrado,permanent,135.1,65.4,28.9,2,1,35.21
P017,Cerrado,permanent,80.8,91.7,21.3,1,1,30.94
P018,Cerrado,permanent,41.1,17.4,28.1,4,1,42.93
P019,Cerrado,permanent,156.7,43.3,29.0,12,1,43.42
P020,Atlantic,permanent,149.8,26.6,27.2,6,0,41.25
P021,Amazon,permanent,398.2,45.8,23.8,14,0,36.83
P022,Cerrado,permanent,83.6,28.4,22.0,4,0,30.5
P023,Atlantic,temporary,113.2,76.2,25.3,7,0,35.97
P024,Cerrado,permanent,700.4,21.9,26.0,8,0,35.34
P025,Atlantic,temporary,91.6,30.9,27.3,4,1,37.58
P026,Atlantic,temporary,36.6,73.7,29.9,4,1,36.94
P027,Atlantic,temporary,232.0,63.9,24.7,5,0,31.45
P028,Cerrado,temporary,395.8,34.5,22.9,9,1,32.96
P029,Atlantic,permanent,43.0,60.0,21.0,7,0,31.46
P030,Cerrado,temporary,133.8,32.9,27.1,7,0,37.43
P031,Atlantic,permanent,86.2,27.4,21.4,9,0,32.01
P032,Cerrado,temporary,243.2,29.9,25.5,5,0,38.79
P033,Atlantic,permanent,87.6,71.2,26.2,1,1,36.61
P034,Cerrado,temporary,1126.3,,22.9,6,0,33.53
P035,Atlantic,temporary,263.5,41.9,22.2,5,0,31.89
P036,Atlantic,temporary,201.9,48.6,23.4,3,0,36.76
P037,Atlantic,permanent,269.0,83.1,22.2,3,0,29.25
P038,Cerrado,permanent,165.0,50.6,27.1,4,1,38.7
P039,Amazon,permanent,101.7,37.9,20.1,11,0,30.91
P040,Amazon,permanent,234.3,44.2,24.5,16,1,35.28
P041,Cerrado,temporary,19.0,20.4,26.7,2,1,39.09
P042,Amazon,temporary,82.2,58.6,23.5,3,0,34.64
P043,Cerrado,permanent,237.0,14.4,22.2,5,1,40.53
P044,Amazon,temporary,568.1,31.7,30.9,24,0,43.33
P045,Amazon,temporary,87.2,6.4,20.2,10,0,32.75
P046,Cerrado,temporary,184.7,69.1,19.6,4,0,31.06
P047,Cerrado,permanent,363.5,61.6,20.0,6,1,30.16
P048,Atlantic,permanent,57.0,52.5,27.1,5,1,36.86
P049,Atlantic,permanent,31.5,71.1,25.4,1,1,39.03
P050,Amazon,permanent,144.7,73.0,23.5,7,1,36.25
P051,Cerrado,permanent,62.9,41.6,27.3,6,1,36.93
P052,Atlantic,temporary,156.3,79.9,25.1,3,0,38.13
P053,Atlantic,permanent,152.5,63.2,24.2,5,1,38.14
P054,Amazon,temporary,41.8,16.1,30.0,12,1,42.22
P055,Cerrado,permanent,346.0,7.5,18.7,5,0,32.92
P056,Cerrado,temporary,41.3,38.2,25.5,3,1,37.16
P057,Amazon,temporary,179.8,70.8,20.8,2,0,30.09
P058,Atlantic,permanent,75.2,68.9,22.3,5,0,30.68
P059,Atlantic,permanent,119.2,64.6,25.5,3,1,35.77
P060,Atlantic,permanent,290.6,73.6,27.6,10,1,37.88
P061,Atlantic,permanent,470.7,62.4,23.9,11,0,33.8
P062,Cerrado,temporary,346.7,58.6,23.8,6,0,37.05
P063,Atlantic,permanent,174.7,21.3,23.1,9,1,36.08
P064,Atlantic,permanent,81.8,80.8,22.4,4,0,33.5
P065,Amazon,permanent,1048.6,18.0,24.7,31,0,37.95
P066,Cerrado,permanent,346.6,35.6,23.0,7,1,29.15
P067,Amazon,permanent,411.4,30.9,27.3,21,0,39.25
P068,Cerrado,permanent,385.4,55.5,25.0,11,0,30.5
P069,Amazon,temporary,101.9,55.5,21.5,9,0,30.17
P070,Atlantic,temporary,450.0,86.6,24.4,3,0,34.64
P071,Cerrado,permanent,895.5,52.9,24.6,5,1,34.44
P072,Cerrado,permanent,24.2,82.7,26.7,2,1,34.45
P073,Amazon,temporary,140.5,17.7,33.9,18,1,43.47
P074,Cerrado,permanent,52.8,87.8,21.9,1,1,34.06
P075,Amazon,temporary,67.7,58.5,24.6,10,0,34.84
P076,Atlantic,permanent,157.5,12.3,25.4,10,0,38.41
P077,Atlantic,temporary,237.3,25.7,26.0,7,0,37.6
P078,Atlantic,permanent,73.1,26.3,24.5,6,0,36.13
P079,Cerrado,temporary,94.9,51.3,25.8,4,0,39.08
P080,Atlantic,permanent,296.4,34.8,22.1,9,0,34.71
P081,Cerrado,temporary,72.3,75.2,25.3,6,1,35.57
P082,Cerrado,permanent,147.9,48.1,26.3,5,0,36.21
P083,Cerrado,permanent,304.5,50.9,26.1,5,1,35.54
P084,Atlantic,permanent,109.0,34.1,20.6,5,1,33.96
P085,Amazon,temporary,204.6,58.2,24.7,19,0,36.93
P086,Atlantic,permanent,369.0,49.4,22.6,12,1,36.54
P087,Amazon,permanent,252.7,48.6,19.6,10,0,31.65
P088,Amazon,permanent,109.7,50.7,24.4,9,1,38.33
P089,Cerrado,temporary,36.9,49.5,22.3,2,1,31.92
P090,Amazon,permanent,118.1,59.5,21.2,12,0,33.92
P091,Atlantic,temporary,69.7,20.5,27.0,6,0,41.93
P092,Atlantic,permanent,172.1,90.8,26.9,4,1,34.9
P093,Atlantic,permanent,142.0,49.7,28.2,4,0,38.26
P094,Amazon,permanent,107.9,81.8,22.6,4,1,32.91
P095,Cerrado,temporary,132.1,48.7,27.0,4,1,40.55
P096,Atlantic,temporary,1755.2,75.4,22.9,6,0,35.0
P097,Atlantic,permanent,674.5,71.2,29.7,15,1,40.56
P098,Amazon,temporary,95.7,74.2,23.5,4,0,30.59
P099,Cerrado,temporary,133.6,36.5,27.8,7,1,38.6
P100,Cerrado,permanent,283.5,19.9,21.2,5,0,35.27
P101,Cerrado,permanent,58.6,33.4,22.4,4,0,32.5
P102,Cerrado,temporary,114.3,78.7,25.7,4,1,38.42
P103,Cerrado,temporary,41.2,42.8,25.4,1,0,34.98
P104,Atlantic,temporary,217.2,36.6,21.4,3,1,30.64
P105,Amazon,permanent,49.9,52.3,22.6,7,1,34.76
P106,Amazon,permanent,1086.4,91.4,19.7,16,1,32.16
P107,Atlantic,temporary,300.7,71.3,28.3,4,1,38.79
P108,Cerrado,temporary,146.1,,23.3,6,0,33.72
P109,Cerrado,temporary,604.2,26.9,23.0,6,0,36.56
P110,Atlantic,permanent,386.5,73.8,21.4,10,1,37.15
P111,Atlantic,permanent,792.3,29.2,23.1,14,0,33.62
P112,Cerrado,temporary,195.3,44.5,18.6,4,1,27.39
P113,Cerrado,temporary,91.9,66.1,22.6,3,0,35.81
P114,Atlantic,permanent,395.6,66.6,17.0,3,0,29.64
P115,Cerrado,permanent,30.4,48.1,23.2,3,1,36.94
P116,Amazon,temporary,35.0,,29.0,8,1,41.42
P117,Cerrado,temporary,86.6,54.9,24.8,1,1,33.23
P118,Amazon,permanent,129.9,32.8,23.3,12,0,33.4
P119,Cerrado,permanent,109.3,94.9,18.6,1,0,28.25
P120,Cerrado,permanent,23.6,24.1,26.4,6,1,36.91
P121,Amazon,permanent,41.3,49.8,28.5,2,0,38.96
P122,Amazon,temporary,42.2,85.9,23.3,1,1,32.21
P123,Atlantic,temporary,244.5,24.9,22.5,7,0,35.56
P124,Amazon,temporary,63.6,20.6,26.0,12,1,39.73
P125,Amazon,permanent,127.2,76.7,21.3,2,1,26.91
P126,Cerrado,temporary,48.9,,25.5,2,0,32.87
P127,Cerrado,temporary,110.6,24.2,21.7,7,0,34.39
P128,Atlantic,permanent,534.5,34.6,26.4,15,0,37.99
P129,Atlantic,permanent,126.6,,22.5,9,1,34.61
P130,Cerrado,temporary,1981.8,84.9,26.0,9,0,38.53
P131,Atlantic,temporary,705.4,54.3,24.6,10,1,35.08
P132,Atlantic,permanent,472.1,36.6,25.5,14,0,36.95
P133,Atlantic,permanent,255.0,23.3,28.5,13,1,41.17
P134,Atlantic,temporary,141.9,62.8,29.8,4,0,42.12
P135,Amazon,permanent,149.6,,25.5,11,1,33.28
P136,Cerrado,permanent,55.2,32.3,25.5,2,0,38.72
P137,Amazon,permanent,159.7,59.0,25.0,11,1,39.71
P138,Cerrado,permanent,60.3,64.8,21.8,2,0,30.6
P139,Cerrado,temporary,120.9,46.6,25.7,10,1,36.76
P140,Atlantic,permanent,23.0,,25.7,3,1,37.53
P141,Atlantic,permanent,84.7,72.5,23.3,5,0,36.78
P142,Atlantic,permanent,248.1,68.3,22.2,2,1,31.36
P143,Cerrado,temporary,932.7,39.8,25.1,11,0,34.15
P144,Cerrado,temporary,236.5,95.8,27.1,3,1,35.39
P145,Atlantic,permanent,47.4,36.2,21.4,7,0,36.43
P146,Amazon,permanent,45.2,65.4,28.8,9,1,33.39
P147,Amazon,permanent,97.6,35.0,25.4,13,1,37.77
P148,Atlantic,permanent,209.7,76.7,25.1,5,1,34.86
P149,Amazon,temporary,480.0,42.4,19.0,10,0,35.18
P150,Amazon,temporary,124.4,12.6,24.5,8,0,40.21
P151,Cerrado,permanent,198.0,84.9,23.8,1,0,34.63
P152,Amazon,permanent,98.8,29.4,20.8,11,0,35.54
P153,Amazon,permanent,35.2,58.7,26.0,8,1,34.44
P154,Cerrado,permanent,321.9,32.5,24.0,8,1,38.49
P155,Cerrado,temporary,387.8,21.7,21.5,6,0,34.39
P156,Amazon,temporary,165.3,14.3,25.9,15,0,37.42
P157,Cerrado,temporary,474.2,57.5,19.3,3,0,29.93
P158,Cerrado,permanent,178.8,75.9,28.5,7,1,36.04
P159,Atlantic,permanent,94.1,25.4,25.6,7,0,38.92
P160,Atlantic,temporary,143.8,52.4,23.6,5,0,33.11
P161,Cerrado,temporary,100.3,17.8,24.6,6,0,36.6
P162,Atlantic,temporary,891.0,71.4,28.0,10,1,42.74
P163,Cerrado,temporary,54.0,66.4,24.7,0,1,35.08
P164,Amazon,temporary,411.3,53.0,31.2,18,0,43.31
P165,Atlantic,temporary,254.1,57.0,22.8,6,1,32.92
P166,Cerrado,temporary,606.1,81.4,24.4,3,0,37.74
P167,Cerrado,temporary,20.8,75.6,26.8,1,0,35.5
P168,Amazon,permanent,244.5,23.7,23.9,15,0,35.33
P169,Amazon,temporary,28.4,31.0,19.5,6,0,31.5
P170,Atlantic,permanent,165.5,25.4,24.5,8,1,34.01
P171,Amazon,temporary,414.4,25.5,22.0,17,1,32.67
P172,Atlantic,temporary,182.6,33.2,26.1,9,0,38.66
P173,Cerrado,permanent,84.8,60.4,20.6,1,1,31.98
P174,Cerrado,permanent,241.8,50.7,22.3,9,0,31.93
P175,Amazon,permanent,42.0,28.7,23.1,9,1,31.91
P176,Atlantic,permanent,324.0,15.9,29.1,9,1,44.26
P177,Atlantic,permanent,249.4,15.9,24.6,13,1,36.84
P178,Amazon,temporary,108.7,29.8,25.9,13,0,39.34
P179,Amazon,permanent,160.2,47.9,23.6,15,0,33.21
P180,Cerrado,temporary,42.5,39.6,23.8,0,0,33.55
